identifier,produitEan13,capacite,marque,libelle,conditionnement,prix,unitPrice,volume,typeProduit_uniteByCode,unit_value,pictogrammes_0,pictogrammes_libelleCategorie,images_0,images_1,images_2,images_3,images_4,images_5,images_6,images_7,avantages_dateFin,avantages_categorie,nro_paginas,page
13866,2891048000000,1000.0,Porco,Bifanas,Vendido ao peso a partir de 1 kg,3.99,3.99,0,,€/Kg,,,https://driveimg1.intermarche.com/pt/Content/images/boitmal/produit/zoom/72DE0DA6B485199AC995C629E3E4D279.jpg,,,,,,,,2025-02-12T23:59:59.999999999Z,PROSPECTUS,9,1
1195,5601119230224,650.0,Nobre,"Salsichas extra suculentas, frasco de 650 g",,2.09,3.22,0,kg,€/Kg,,,https://driveimg1.intermarche.com/pt/Content/images/boitmal/produit/zoom/F74C2FC7C8B9C0B3ED0E43FFE3B59991.jpg,,,,,,,,2025-02-12T23:59:59.999999999Z,PROSPECTUS,9,1
11655,5601195101142,1980.0,Pedras Salgadas,"Água com gás natural pet, pack 6 x 0.33 l",,2.49,1.26,1980,L,€/L,,,https://driveimg1.intermarche.com/pt/Content/images/boitmal/produit/zoom/702FFA9017CB152B0B80B7BA93CF9B54.jpg,,,,,,,,2025-02-12T23:59:59.999999999Z,PROSPECTUS,9,1
12978,2892462000000,400.0,Legumes,Alface Frisada,1 un= 400 g (aprox.),0.68,1.69,0,,€/Kg,,,https://driveimg1.intermarche.com/pt/Content/images/boitmal/produit/zoom/11753DE36CD8D1B450ED5A40B08A088C.jpg,,,,,,,,2025-02-12T23:59:59.999999999Z,PROSPECTUS,9,1
6398,8410372182303,75.0,Colgate,"Dentifríco flúor gel, embalagem de 75 ml",,1.99,26.53,75,L,€/L,,,https://driveimg1.intermarche.com/pt/Content/images/boitmal/produit/zoom/3F011A79E5A34E1D47A1369D50D1C53B.jpg,,,,,,,,2025-02-12T23:59:59.999999999Z,PROSPECTUS,9,1
4687,5000116105212,375.0,Iglo,"Ervilhas, embalagem de 375g",,1.89,5.04,0,kg,€/Kg,,Tipo de stockagem,https://driveimg1.intermarche.com/pt/Content/images/boitmal/produit/zoom/6C528FEBBEDC5462386A3AB117EEBFD4.jpg,,,,,,,,2025-02-12T23:59:59.999999999Z,PROSPECTUS,9,1
16492,8718951037847,500.0,Ajax,"Limpa vidros pistola, tripla acção, embalagem de 500 ml",,1.97,3.94,500,L,€/L,,,https://driveimg1.intermarche.com/pt/Content/images/boitmal/produit/zoom/835152AD536CA633AE488A10E244161F.jpg,,,,,,,,2025-02-12T23:59:59.999999999Z,PROSPECTUS,9,1
5137,5601078005017,750.0,Grao Vasco,"Vinho doc dão tinto, garrafa de 750 ml",,3.35,4.47,750,L,€/L,,,https://driveimg1.intermarche.com/pt/Content/images/boitmal/produit/zoom/A49446DA70D634A26DC6B1DBA802B307.jpg,,,,,,,,2025-02-12T23:59:59.999999999Z,PROSPECTUS,9,1
15943,7613034096593,60.0,Felix,"Snack para gato chezzy, 60g",,1.49,24.83,0,kg,€/Kg,,,https://driveimg1.intermarche.com/pt/Content/images/boitmal/produit/zoom/C19CF0D792DF8707E6BCF2F0AA71B408.jpg,,,,,,,,2025-02-12T23:59:59.999999999Z,PROSPECTUS,9,1
47110,7613287218766,110.0,Nestlé,Bolsitas de puré de multifrutas,Embalagem de 110g,0.73,6.64,0,kg,€/Kg,,,https://driveimg1.intermarche.com/pt/Content/images/boitmal/produit/zoom/3A0DC006BA90FE4ED51AF00C38870697.jpg,,,,,,,,2025-02-12T23:59:59.999999999Z,PROSPECTUS,9,1
38049,8001841361079,340.0,Fairy,Detergente liquido para loiça limão,Embalagem de 340 ml,1.59,4.68,340,L,€/L,,,https://driveimg1.intermarche.com/pt/Content/images/boitmal/produit/zoom/891C1A351AEA276EEBCE41056BBE823B.jpg,,,,,,,,2025-02-12T23:59:59.999999999Z,PROSPECTUS,9,1
44240,8410500010539,1200.0,Danone,"Iogurte líquido de morango kids, pack 12 x 100 g",,4.99,4.16,0,kg,€/Kg,,,https://driveimg1.intermarche.com/pt/Content/images/boitmal/produit/zoom/675F0D6784FF916C81A6BE90AA600C99.jpg,,,,,,,,2025-02-12T23:59:59.999999999Z,PROSPECTUS,9,1
40233,8718951078994,,Colgate,"Escova de dentes manual kids, 2 unidades",,2.59,2.59,2,,€/Unidade,,,https://driveimg1.intermarche.com/pt/Content/images/boitmal/produit/zoom/91E96A0D47F686A47CF5736FF55B7C33.jpg,,,,,,,,2025-02-12T23:59:59.999999999Z,PROSPECTUS,9,1
49775,8445290217240,90.0,Gerber,"Nutrição infantil manga bio, 90g",,0.76,8.44,0,kg,€/Kg,,,https://driveimg1.intermarche.com/pt/Content/images/boitmal/produit/zoom/34F2B4E83940FFE495C18EAECEE39019.jpg,,,,,,,,2025-02-12T23:59:59.999999999Z,PROSPECTUS,9,1
22335,5000116110940,420.0,Capitão Iglo,"15 douradinhos, embalagem de 420g",,4.99,11.88,0,kg,€/Kg,,Tipo de stockagem,https://driveimg1.intermarche.com/pt/Content/images/boitmal/produit/zoom/3973A8C90F686ECB72E76C3B0A0492D4.jpg,,,,,,,,2025-02-12T23:59:59.999999999Z,PROSPECTUS,9,1
20624,7613034998040,90.0,Purina One,"Biscoito para cão nuggets, embalagem de 90g",,1.49,16.56,0,kg,€/Kg,,,https://driveimg1.intermarche.com/pt/Content/images/boitmal/produit/zoom/313EA63290E41610E99C1F8CFB5B9E04.jpg,,,,,,,,2025-02-12T23:59:59.999999999Z,PROSPECTUS,9,1
14865,2696212000000,,Pastelaria,Folhado Misto 90 g,,0.69,0.69,0,,€/Unidade,,,https://driveimg1.intermarche.com/pt/Content/images/boitmal/produit/zoom/164C27A781A7C68A965295D85BB7D95F.jpg,,,,,,,,2025-02-12T23:59:59.999999999Z,PROSPECTUS,9,1
9239,5603016000542,750.0,Fonte nico,"Vinho rosé regional península de setúbal, garrafa de 750 ml",,1.55,2.07,750,L,€/L,,,https://driveimg1.intermarche.com/pt/Content/images/boitmal/produit/zoom/3B6DA5A3CBA1B0CE99BD3CD43BFCA236.jpg,,,,,,,,2025-02-12T23:59:59.999999999Z,PROSPECTUS,9,1
13914,2891225000000,350.0,Frango,Perna com Costa,1 un. = 300 g (aprox.),0.8,2.29,0,,€/Kg,,,https://driveimg1.intermarche.com/pt/Content/images/boitmal/produit/zoom/D1297D1CD095629263E582A65B4C3857.jpg,,,,,,,,2025-02-12T23:59:59.999999999Z,PROSPECTUS,9,1
12994,2892524000000,100.0,Legumes,Cenoura Granel,1 un = 100 gr (aprox.),0.09,0.85,0,,€/Kg,,,https://driveimg1.intermarche.com/pt/Content/images/boitmal/produit/zoom/5AEDEF3ED6ABEF24EACEE9C46AA7916F.jpg,,,,,,,,2025-02-12T23:59:59.999999999Z,PROSPECTUS,9,1
24921,5604260281855,500.0,PorSi,Massas espirais tricolores,Embalagem 500G,0.79,1.58,0,kg,€/Kg,,,https://driveimg1.intermarche.com/pt/Content/images/boitmal/produit/zoom/5CE58905BD4CA1FD470803CD9B488D04.jpg,,,,,,,,2025-02-12T23:59:59.999999999Z,PROSPECTUS,9,1
13865,2891042000000,1000.0,Porco,Costeletas do Cachaço,Vendido ao peso a partir de 1 kg,4.98,4.98,0,,€/Kg,,,https://driveimg1.intermarche.com/pt/Content/images/boitmal/produit/zoom/D0D96FA697CD7DF7D0B353E0ED0B1193.jpg,,,,,,,,2025-02-12T23:59:59.999999999Z,PROSPECTUS,9,1
37745,5604260301874,540.0,PorSi,Grão de bico,Frasco com 540 g,0.85,1.57,0,kg,€/Kg,,,https://driveimg1.intermarche.com/pt/Content/images/boitmal/produit/zoom/ABBBFB42757051E49B0E75B4C2EB061F.jpg,,,,,,,,2025-02-12T23:59:59.999999999Z,PROSPECTUS,9,1
42776,5604260304714,200.0,PorSi,Fiambre da pá fatiado,200 g,1.59,7.95,0,kg,€/Kg,,,https://driveimg1.intermarche.com/pt/Content/images/boitmal/produit/zoom/8A131F94BE57C970A8C2BBD2F93B5A56.jpg,https://driveimg1.intermarche.com/pt/Content/images/boitmal/produit/zoom/4BF6C4B7F27D2FA729AB427C5AFC4D32.jpg,https://driveimg1.intermarche.com/pt/Content/images/boitmal/produit/zoom/4BF6C4B7F27D2FA729AB427C5AFC4D32.jpg,https://driveimg1.intermarche.com/pt/Content/images/boitmal/produit/zoom/4BF6C4B7F27D2FA729AB427C5AFC4D32.jpg,https://driveimg1.intermarche.com/pt/Content/images/boitmal/produit/zoom/4BF6C4B7F27D2FA729AB427C5AFC4D32.jpg,https://driveimg1.intermarche.com/pt/Content/images/boitmal/produit/zoom/4BF6C4B7F27D2FA729AB427C5AFC4D32.jpg,https://driveimg1.intermarche.com/pt/Content/images/boitmal/produit/zoom/4BF6C4B7F27D2FA729AB427C5AFC4D32.jpg,,2025-02-12T23:59:59.999999999Z,PROSPECTUS,9,1
13781,2892323000000,250.0,Fruta,Uva Red Globe,1 un = 250 gr  (aprox.),0.87,3.49,0,,€/Kg,,,https://driveimg1.intermarche.com/pt/Content/images/boitmal/produit/zoom/0CB9D5C0FE47F5D642EA2D42574AAC35.jpg,,,,,,,,2025-02-12T23:59:59.999999999Z,PROSPECTUS,9,1
13893,2891043000000,1000.0,Porco,Entrecosto,Vendido ao peso a partir de 1 kg,5.99,5.99,0,,€/Kg,,,https://driveimg1.intermarche.com/pt/Content/images/boitmal/produit/zoom/AA05EE99D302D59771FCC108473E0700.jpg,,,,,,,,2025-02-12T23:59:59.999999999Z,PROSPECTUS,9,1
14921,2892534000000,400.0,Legumes,Couve Bróculo,Vendido ao peso,0.8,1.99,0,,€/Kg,,,https://driveimg1.intermarche.com/pt/Content/images/boitmal/produit/zoom/4F48873F332B6ECE759CD88793270811.jpg,,,,,,,,2025-02-12T23:59:59.999999999Z,PROSPECTUS,9,1
13821,2892597000000,200.0,Legumes,Tomate Cacho,1 un = 200 gr (aprox.),0.34,1.69,0,,€/Kg,,,https://driveimg1.intermarche.com/pt/Content/images/boitmal/produit/zoom/FD67F77AFAB450B6A4FA38E0279E6686.jpg,,,,,,,,2025-02-12T23:59:59.999999999Z,PROSPECTUS,9,1
14882,2891118000000,1600.0,Frango,Frango Inteiro Grande,1 un = 1.6 kg (aprox.),3.66,2.29,0,,€/Kg,,,https://driveimg1.intermarche.com/pt/Content/images/boitmal/produit/zoom/3581EC31F0B1F288A68020FE172EC513.jpg,,,,,,,,2025-02-12T23:59:59.999999999Z,PROSPECTUS,9,1
36728,5604260294343,1000.0,PorSi,Arroz carolino,Embalagem de 1 kg,1.25,1.25,0,kg,€/Kg,,,https://driveimg1.intermarche.com/pt/Content/images/boitmal/produit/zoom/E73547DEDC8C241F694472535154DB1E.jpg,,,,,,,,2025-02-12T23:59:59.999999999Z,PROSPECTUS,9,1
13242,2893227000000,200.0,Peixaria,Robalo de Viveiro,de 200 a 600 g (aprox.),1.2,5.99,0,,€/Kg,,,https://driveimg1.intermarche.com/pt/Content/images/boitmal/produit/zoom/A78EB4330416D93C926049780B1174CB.jpg,,,,,,,,2025-02-12T23:59:59.999999999Z,PROSPECTUS,9,1
11925,5603089002221,200.0,Parmalat,"Nata uht para culinária, embalagem de 200 ml",,0.91,4.55,200,L,€/L,,,https://driveimg1.intermarche.com/pt/Content/images/boitmal/produit/zoom/6D33922CAD380AFD4F287905CBB6BE3F.jpg,,,,,,,,2025-02-12T23:59:59.999999999Z,PROSPECTUS,9,1
13094,2893070000000,150.0,Peixaria,Carapau Médio Fresco,1 un = 150 gr (aprox.),0.52,3.49,0,,€/Kg,,,https://driveimg1.intermarche.com/pt/Content/images/boitmal/produit/zoom/C719A6444DC37C9A261D77254DB81336.jpg,,,,,,,,2025-02-12T23:59:59.999999999Z,PROSPECTUS,9,1
13897,2891053000000,1000.0,Porco,Lombo sem Osso,Vendido ao peso a partir de 1 kg,4.99,4.99,0,,€/Kg,,,https://driveimg1.intermarche.com/pt/Content/images/boitmal/produit/zoom/415564DA70574ED3C1D7475F1F28BDB6.jpg,,,,,,,,2025-02-12T23:59:59.999999999Z,PROSPECTUS,9,1
13956,2891205000000,50.0,Porco,Salsicha Brasileira,1 un = 50 gr (aprox.),0.25,4.99,0,,€/Kg,,,https://driveimg1.intermarche.com/pt/Content/images/boitmal/produit/zoom/F6298C19D94A9653E5F3E3E4F0DEBFCF.jpg,,,,,,,,2025-02-12T23:59:59.999999999Z,PROSPECTUS,9,1
43329,5604260310098,400.0,PorSi,Sopa de Agrião,Embalagem de 400g,1.49,3.73,0,kg,€/Kg,,,https://driveimg1.intermarche.com/pt/Content/images/boitmal/produit/zoom/907313DBDD5DC60683153ADA62DF8F21.jpg,https://driveimg1.intermarche.com/pt/Content/images/boitmal/produit/zoom/F91FE746E7285B80A613574BB16A67A2.jpg,https://driveimg1.intermarche.com/pt/Content/images/boitmal/produit/zoom/F91FE746E7285B80A613574BB16A67A2.jpg,https://driveimg1.intermarche.com/pt/Content/images/boitmal/produit/zoom/F91FE746E7285B80A613574BB16A67A2.jpg,https://driveimg1.intermarche.com/pt/Content/images/boitmal/produit/zoom/F91FE746E7285B80A613574BB16A67A2.jpg,https://driveimg1.intermarche.com/pt/Content/images/boitmal/produit/zoom/F91FE746E7285B80A613574BB16A67A2.jpg,https://driveimg1.intermarche.com/pt/Content/images/boitmal/produit/zoom/F91FE746E7285B80A613574BB16A67A2.jpg,https://driveimg1.intermarche.com/pt/Content/images/boitmal/produit/zoom/F91FE746E7285B80A613574BB16A67A2.jpg,2025-02-12T23:59:59.999999999Z,PROSPECTUS,9,1
1135,5601082022758,250.0,Delta,Café torrado lote chávena máquina,Embalagem de 250g,2.89,11.56,0,kg,€/Kg,,,https://driveimg1.intermarche.com/pt/Content/images/boitmal/produit/zoom/13E9F03FF8FB53EE57516E14277CD628.jpg,,,,,,,,2025-02-12T23:59:59.999999999Z,PROSPECTUS,9,1
11641,5601180001020,1000.0,Vigor,Leite pasteurizado meio gordo,Garrafa de 1 l,0.98,0.98,1000,L,€/L,,,https://driveimg1.intermarche.com/pt/Content/images/boitmal/produit/zoom/C25BCB5001E1A92DAA543A65EC5B2802.jpg,,,,,,,,2025-02-12T23:59:59.999999999Z,PROSPECTUS,9,1
1293,5601151398104,630.0,Compal,"Pack de 3 embalagens de polpa de tomate, embalagem de 630g",,1.49,2.37,0,kg,€/Kg,,,https://driveimg1.intermarche.com/pt/Content/images/boitmal/produit/zoom/BC7D38B0892D2B72B99AEECF05E81523.jpg,,,,,,,,2025-02-12T23:59:59.999999999Z,PROSPECTUS,9,1
13026,2892205000000,150.0,Fruta,Maçã Granny Smith,1 un = 150 gr (aprox.),0.25,1.69,0,,€/Kg,,,https://driveimg1.intermarche.com/pt/Content/images/boitmal/produit/zoom/3B77F05FE765B9D00E209F1A980CE31B.jpg,,,,,,,,2025-02-12T23:59:59.999999999Z,PROSPECTUS,9,1
16939,7622210475411,171.0,Triunfo,"Bolacha digestiva go canela, embalagem de 170g",,1.49,8.71,0,kg,€/Kg,,,https://driveimg1.intermarche.com/pt/Content/images/boitmal/produit/zoom/D9C53D2478AF2B3727D495A573D3A599.jpg,,,,,,,,2025-02-12T23:59:59.999999999Z,PROSPECTUS,9,1
1709,5604055111060,6000.0,Fastio,"Água mineral sem gás, embalagem de 6 l",,1.49,0.25,6000,L,€/L,,,https://driveimg1.intermarche.com/pt/Content/images/boitmal/produit/zoom/6EFB8FD4D0614752BB5925C1048B82B3.jpg,,,,,,,,2025-02-12T23:59:59.999999999Z,PROSPECTUS,9,1
17189,5603344531107,110.0,General,"Atum em posta, em azeite, embalagem de 110g",,1.49,13.55,0,kg,€/Kg,,,https://driveimg1.intermarche.com/pt/Content/images/boitmal/produit/zoom/9B578FD57DAE66EA731A200412CF6D79.jpg,,,,,,,,2025-02-12T23:59:59.999999999Z,PROSPECTUS,9,1
1847,5604260301683,540.0,PorSi,Feijão branco,Embalagem de 540g,0.85,1.57,0,kg,€/Kg,,,https://driveimg1.intermarche.com/pt/Content/images/boitmal/produit/zoom/65F3549F5DD8B5CB836B8FAB01DCCC43.jpg,,,,,,,,2025-02-12T23:59:59.999999999Z,PROSPECTUS,9,1
18488,5600744051013,220.0,Saborosa,"Bolacha de manteiga belga original, embalagem de 220g",,1.59,7.23,0,kg,€/Kg,,,https://driveimg1.intermarche.com/pt/Content/images/boitmal/produit/zoom/435E3C8EAE2EA4A45A8BB3A81B14CF20.jpg,,,,,,,,2025-02-12T23:59:59.999999999Z,PROSPECTUS,9,1
18489,5600744051020,198.0,Saborosa,"Bolacha de manteiga belga com chocolate, embalagem de 200g",,1.64,8.28,0,kg,€/Kg,,,https://driveimg1.intermarche.com/pt/Content/images/boitmal/produit/zoom/96C31A82D017146C1ADBA7AC747D4690.jpg,,,,,,,,2025-02-12T23:59:59.999999999Z,PROSPECTUS,9,1
250,2892150000000,300.0,Fruta,Abacate,1 un. = 300 g (aprox.),1.05,3.49,0,,€/Kg,,,https://driveimg1.intermarche.com/pt/Content/images/boitmal/produit/zoom/E9095394002D145B7F2ABE932415A1F1.jpg,,,,,,,,2025-02-12T23:59:59.999999999Z,PROSPECTUS,9,1
38118,5604260301997,2000.0,PorSi,"Iogurte pedaços frutas variadas, 16 x 125 g",,4.59,2.3,0,kg,€/Kg,,,https://driveimg1.intermarche.com/pt/Content/images/boitmal/produit/zoom/1928521ADA1E03C1AA27AC6E397A3F41.jpg,,,,,,,,2025-02-12T23:59:59.999999999Z,PROSPECTUS,9,1
8391,5601049159992,1000.0,Mimosa,"Leite especial cálcio + vitamina d magro, de 1l",,0.98,0.98,1000,L,€/L,,,https://driveimg1.intermarche.com/pt/Content/images/boitmal/produit/zoom/22E6964D6A2F2B922BCB40BB341AE902.jpg,,,,,,,,2025-02-12T23:59:59.999999999Z,PROSPECTUS,9,1
8396,5601049614330,250.0,Milhafre,"Manteiga com sal, embalagem de 250g",,1.99,7.96,0,kg,€/Kg,,,https://driveimg1.intermarche.com/pt/Content/images/boitmal/produit/zoom/8DCB9F2F3B36086D35B7173891ABA268.jpg,,,,,,,,2025-02-12T23:59:59.999999999Z,PROSPECTUS,9,1
10091,8410100059839,360.0,Nestlé,"Queijinho petit nesquik, embalagem de 6 x 60g",,2.79,7.75,0,kg,€/Kg,,,https://driveimg1.intermarche.com/pt/Content/images/boitmal/produit/zoom/88B248C453A669F7E350B1DDEC2F3C33.jpg,,,,,,,,2025-02-12T23:59:59.999999999Z,PROSPECTUS,9,1
11297,5000127524026,300.0,Kellogg's,"Cereais special k, frutos vermelhos",Embalagem de 300g,2.99,9.97,0,kg,€/Kg,,,https://driveimg1.intermarche.com/pt/Content/images/boitmal/produit/zoom/CB255FE180D4EB8D64E75856EC06E921.jpg,,,,,,,,2025-02-12T23:59:59.999999999Z,PROSPECTUS,9,1
11656,5601195510128,1000.0,Pedras Salgadas,"Água com gás limão, pack 4 x 0.25 l",,1.99,1.99,1000,L,€/L,,,https://driveimg1.intermarche.com/pt/Content/images/boitmal/produit/zoom/B17C3B681260FB1EF3C3D602C2A48DB7.jpg,,,,,,,,2025-02-12T23:59:59.999999999Z,PROSPECTUS,9,1
11987,5604055112821,2500.0,Fastio,"Água mineral sem gás, garrafa de 2,5 l",,1.09,0.44,2500,L,€/L,,,https://driveimg1.intermarche.com/pt/Content/images/boitmal/produit/zoom/FB893DB3E3427BD2F4F475F8A8AF7AFA.jpg,,,,,,,,2025-02-12T23:59:59.999999999Z,PROSPECTUS,9,1
1292,5601151354452,1000.0,Compal,"Néctar vital equilibrio manga e laranja, 1 l",,1.26,1.26,1000,L,€/L,,,https://driveimg1.intermarche.com/pt/Content/images/boitmal/produit/zoom/1F825A70CAB773F623AA6F5B800DE1F4.jpg,,,,,,,,2025-02-12T23:59:59.999999999Z,PROSPECTUS,9,1
13892,2891041000000,1000.0,Porco,Costeletas do Lombo,Vendido ao peso a partir de 1 kg,4.49,4.49,0,,€/Kg,,,https://driveimg1.intermarche.com/pt/Content/images/boitmal/produit/zoom/589E4AFE71E19AF7FEB32FB0C0E176FF.jpg,,,,,,,,2025-02-12T23:59:59.999999999Z,PROSPECTUS,9,1
1462,5601286231772,250.0,Milaneza,"Massa, estrelinhas, embalagem de 250g",,0.62,2.48,0,kg,€/Kg,,,https://driveimg1.intermarche.com/pt/Content/images/boitmal/produit/zoom/3936C365D7B95744ED545201CA491D61.jpg,,,,,,,,2025-02-12T23:59:59.999999999Z,PROSPECTUS,9,1
16365,5604055112005,1000.0,Fastio,"Água sem gás, garrafa de 1 l",,0.47,0.47,1000,L,€/L,,,https://driveimg1.intermarche.com/pt/Content/images/boitmal/produit/zoom/D9A5DA87896331814D054CBE16430809.jpg,,,,,,,,2025-02-12T23:59:59.999999999Z,PROSPECTUS,9,1
1816,5604260301775,540.0,PorSi,Feijão frade,Embalagem de 540g,0.85,1.57,0,kg,€/Kg,,,https://driveimg1.intermarche.com/pt/Content/images/boitmal/produit/zoom/F863BEC0F48D2513FC0D1879484DF975.jpg,,,,,,,,2025-02-12T23:59:59.999999999Z,PROSPECTUS,9,1
22232,8410320104500,80.0,Campofrio,"Salame fatiado, embalagem de 80g",,1.59,19.88,0,kg,€/Kg,,,https://driveimg1.intermarche.com/pt/Content/images/boitmal/produit/zoom/B989DC79BAD10F2BF93E42F2FFD0E3D8.jpg,,,,,,,,2025-02-12T23:59:59.999999999Z,PROSPECTUS,9,1
2406,5608543000102,30.0,Tetley,Chá preto,Embalagem de 30g,1.29,43.0,0,kg,€/Kg,,,https://driveimg1.intermarche.com/pt/Content/images/boitmal/produit/zoom/D3C0F9FE6B1C09C70D614E0CDECAD3A6.jpg,,,,,,,,2025-02-12T23:59:59.999999999Z,PROSPECTUS,9,1
25597,5601151979303,1200.0,Bongo,"Néctar 8 frutos, pack 6 x 200 ml",,2.29,1.91,1200,L,€/L,,,https://driveimg1.intermarche.com/pt/Content/images/boitmal/produit/zoom/58E322AC82399BF9CBCFBEBC2BD370F4.jpg,,,,,,,,2025-02-12T23:59:59.999999999Z,PROSPECTUS,9,1
2749,8410063046532,350.0,Pescanova,"Miolo de camarão 80/100, embalagem de 350g",,6.99,19.97,0,kg,€/Kg,,Tipo de stockagem,https://driveimg1.intermarche.com/pt/Content/images/boitmal/produit/zoom/0EA75135180DC26543A97F342303334A.jpg,,,,,,,,2025-02-12T23:59:59.999999999Z,PROSPECTUS,9,1
30712,5000116124152,800.0,Iglo,"Ervilhas primavera, embalagem de 800g",,4.48,5.6,0,kg,€/Kg,,Tipo de stockagem,https://driveimg1.intermarche.com/pt/Content/images/boitmal/produit/zoom/CA98AA2D7349A9F54B21FC2B5D9F9E1D.jpg,,,,,,,,2025-02-12T23:59:59.999999999Z,PROSPECTUS,9,1
3526,2894034000000,150.0,Nobre,Fiambre da Perna Extra,1 un = 150 gr (aprox.),2.25,14.99,0,,€/Kg,,,https://driveimg1.intermarche.com/pt/Content/images/boitmal/produit/zoom/C76D05EF052819EDC79567520AD2D260.jpg,,,,,,,,2025-02-12T23:59:59.999999999Z,PROSPECTUS,9,1
35656,5604260292820,300.0,PorSi,Línguas de veado,Embalagem de 300 g,1.79,5.97,0,kg,€/Kg,,,https://driveimg1.intermarche.com/pt/Content/images/boitmal/produit/zoom/35BDBE40247F5B1164D1BD4AE4B35110.jpg,,,,,,,,2025-02-12T23:59:59.999999999Z,PROSPECTUS,9,1
36768,5604260298198,400.0,PorSi,Creme de Coentros sem Batata,Embalagem de 400 g,1.49,3.73,0,kg,€/Kg,,,https://driveimg1.intermarche.com/pt/Content/images/boitmal/produit/zoom/DA11B82F944212F634532707DD36862D.jpg,,,,,,,,2025-02-12T23:59:59.999999999Z,PROSPECTUS,9,1
36769,5604260298181,400.0,PorSi,Creme de Cenoura,Embalagem de 400 g,1.39,3.48,0,kg,€/Kg,,,https://driveimg1.intermarche.com/pt/Content/images/boitmal/produit/zoom/2485E967DCAC9314BFFB9A360410B3B6.jpg,,,,,,,,2025-02-12T23:59:59.999999999Z,PROSPECTUS,9,1
37923,5604260300990,1000.0,PorSi Viva Bem,Bebida de Amêndoa,1 litro,1.25,1.25,1000,L,€/L,,,https://driveimg1.intermarche.com/pt/Content/images/boitmal/produit/zoom/74B05726BD16B03D5A528D4778757940.jpg,,,,,,,,2025-02-12T23:59:59.999999999Z,PROSPECTUS,9,1
41447,5601082047812,,Delta Q,Café mythiq,Embalagem com 40 cápsulas,14.99,14.99,0,,€/Unidade,,,https://driveimg1.intermarche.com/pt/Content/images/boitmal/produit/zoom/B58BECEDE4BA3A9AAD2A25898792041E.jpg,,,,,,,,2025-02-12T23:59:59.999999999Z,PROSPECTUS,9,1
41874,8718951313316,75.0,Colgate,"Pasta dentífrica cool mint, 75 ml",,2.16,28.8,75,L,€/L,,,https://driveimg1.intermarche.com/pt/Content/images/boitmal/produit/zoom/2DAA61BE6D06A4399D41EFB19DA0D088.jpg,,,,,,,,2025-02-12T23:59:59.999999999Z,PROSPECTUS,9,1
42841,5604260307869,100.0,PorSi,Queijo flamengo sticks 5x20g,Embalagem de 100g,1.79,17.9,0,kg,€/Kg,,,https://driveimg1.intermarche.com/pt/Content/images/boitmal/produit/zoom/7A865A047C280635359F45C9780680C4.jpg,https://driveimg1.intermarche.com/pt/Content/images/boitmal/produit/zoom/0C018978A9472C7823567BD24C2B49D6.jpg,https://driveimg1.intermarche.com/pt/Content/images/boitmal/produit/zoom/0C018978A9472C7823567BD24C2B49D6.jpg,https://driveimg1.intermarche.com/pt/Content/images/boitmal/produit/zoom/0C018978A9472C7823567BD24C2B49D6.jpg,https://driveimg1.intermarche.com/pt/Content/images/boitmal/produit/zoom/0C018978A9472C7823567BD24C2B49D6.jpg,https://driveimg1.intermarche.com/pt/Content/images/boitmal/produit/zoom/0C018978A9472C7823567BD24C2B49D6.jpg,,,2025-02-12T23:59:59.999999999Z,PROSPECTUS,9,1
43131,5601050036763,120.0,Danone,"Mars m&ms x1 van-milk choc,  120g",,0.99,8.25,0,kg,€/Kg,,,https://driveimg1.intermarche.com/pt/Content/images/boitmal/produit/zoom/2D97E1974627567FC4FBE4D8D8085C93.jpg,,,,,,,,2025-02-12T23:59:59.999999999Z,PROSPECTUS,9,1
45875,4005900388810,150.0,Nivea Men,"Desodorizante spray cool kick, 150 ml",,2.69,17.93,150,L,€/L,,,https://driveimg1.intermarche.com/pt/Content/images/boitmal/produit/zoom/FF08F460974B7D9B6A9FEDD00802151C.jpg,,,,,,,,2025-02-12T23:59:59.999999999Z,PROSPECTUS,9,1
46228,7613287530813,300.0,Nestlé,Cereais chocolate,Embalagem de 300g,1.94,6.47,0,kg,€/Kg,,,https://driveimg1.intermarche.com/pt/Content/images/boitmal/produit/zoom/F97E591C38F55CB2175E550B1869F227.jpg,,,,,,,,2025-02-12T23:59:59.999999999Z,PROSPECTUS,9,1
46847,5604260316205,500.0,PorSi,Laços tricolores,Embalagem de 500 g,0.99,1.98,0,kg,€/Kg,,,https://driveimg1.intermarche.com/pt/Content/images/boitmal/produit/zoom/26FB05A80D25E9387A8ADB50077F254D.jpg,,,,,,,,2025-02-12T23:59:59.999999999Z,PROSPECTUS,9,1
49258,8718951476271,75.0,Colgate,Pasta de Dentes Gengivas Limpeza Interdentária,Embalagem de 75 ml,3.24,43.2,75,L,€/L,,,https://driveimg1.intermarche.com/pt/Content/images/boitmal/produit/zoom/71413787DADCB43D7EE037F2CCCABD18.jpg,,,,,,,,2025-02-12T23:59:59.999999999Z,PROSPECTUS,9,1
5036,5601028012164,,Renova,"Papel higiénico compacto, extra xxl, 6 rolos",Uma embalagem,2.96,2.96,0,,€/Unidade,,,https://driveimg1.intermarche.com/pt/Content/images/boitmal/produit/zoom/9367736D84791631B6A81B574D2BBA50.jpg,https://driveimg1.intermarche.com/pt/Content/images/boitmal/produit/zoom/1F9398A5B85712D9E30015F112CCAF6E.jpg,https://driveimg1.intermarche.com/pt/Content/images/boitmal/produit/zoom/84ED764CBC37072F87BD089140194A37.jpg,,,,,,2025-02-12T23:59:59.999999999Z,PROSPECTUS,9,1
50630,5603722521461,1208.0,Mimosa,"Iogurte magro liquido de ananas e manga, 8x151ml",,2.99,2.48,1208,L,€/L,,,https://driveimg1.intermarche.com/pt/Content/images/boitmal/produit/zoom/391469C60827762112BDD90CD5A7ACC1.jpg,,,,,,,,2025-02-12T23:59:59.999999999Z,PROSPECTUS,9,1
51057,8006540833230,650.0,Fairy,Detergente líquido manual loiça ultra power limão,Embalagem de 650 ml,4.49,6.91,650,L,€/L,,,https://driveimg1.intermarche.com/pt/Content/images/boitmal/produit/zoom/D26E78A01D97299C997A1460F04E3378.jpg,,,,,,,,2025-02-12T23:59:59.999999999Z,PROSPECTUS,9,1
51383,8434165608023,150.0,Cuétara,Cuet marinheiros chia-quinoa-lin *9,Embalagem de 150g,1.59,10.6,0,kg,€/Kg,,,https://driveimg1.intermarche.com/pt/Content/images/boitmal/produit/zoom/12296D3DBC6CE8CBB7918AE72A6F0B1F.jpg,,,,,,,,2025-02-12T23:59:59.999999999Z,PROSPECTUS,9,1
53245,8410376065077,208.0,Gullon,"Bolachas dibus magic mix & go, 208g",,1.29,6.2,0,kg,€/Kg,,,https://driveimg1.intermarche.com/pt/Content/images/boitmal/produit/zoom/7656D702777E0FFE2E0B137FEF921189.jpg,,,,,,,,2025-02-12T23:59:59.999999999Z,PROSPECTUS,9,1
54794,5603722521546,604.0,Mimosa,"Iogurte liquido banana, 4 x 151 ml",,1.39,2.3,604,L,€/L,,,https://driveimg1.intermarche.com/pt/Content/images/boitmal/produit/zoom/23212EB7A3AC6B5E99AFE5AEC8D0F7DF.jpg,,,,,,,,2025-02-12T23:59:59.999999999Z,PROSPECTUS,9,1
871,5014328080892,30.0,Tetley,Infusão de cidreira,"Embalagem de 20 unidades, 30 g",1.44,48.0,0,kg,€/Kg,,,https://driveimg1.intermarche.com/pt/Content/images/boitmal/produit/zoom/8EE73104AD7D9DDCE5EF5A76B07E89DC.jpg,,,,,,,,2025-02-12T23:59:59.999999999Z,PROSPECTUS,9,1
9946,7622300654177,171.0,Triunfo,"Bolachas digestive go aveia, embalagem de 170g",,1.49,8.71,0,kg,€/Kg,,,https://driveimg1.intermarche.com/pt/Content/images/boitmal/produit/zoom/30F7AC33ACBD735497686192B346850D.jpg,,,,,,,,2025-02-12T23:59:59.999999999Z,PROSPECTUS,9,1
1114,5601066300780,500.0,Nacional,"Massa de maçarrão riscado, embalagem de 500g",,0.89,1.78,0,kg,€/Kg,,,https://driveimg1.intermarche.com/pt/Content/images/boitmal/produit/zoom/6E823110DFCFAB922E5CE2EEC9376131.jpg,,,,,,,,2025-02-12T23:59:59.999999999Z,PROSPECTUS,9,1
1116,5601066301152,500.0,Nacional,"Massa de cotovelos, embalagem de 500g",,0.89,1.78,0,kg,€/Kg,,,https://driveimg1.intermarche.com/pt/Content/images/boitmal/produit/zoom/8DDB0C745E67458BAC26BBF8F8ADAE50.jpg,,,,,,,,2025-02-12T23:59:59.999999999Z,PROSPECTUS,9,1
1120,5601066301718,500.0,Nacional,"Massa de espirais, embalagem de 500g",,0.89,1.78,0,kg,€/Kg,,,https://driveimg1.intermarche.com/pt/Content/images/boitmal/produit/zoom/B50E4B0B2C4856A819A2FF672D887104.jpg,,,,,,,,2025-02-12T23:59:59.999999999Z,PROSPECTUS,9,1
1136,5601082022765,250.0,Delta,Café torrado lote chávena saco,Embalagem de 250g,2.89,11.56,0,kg,€/Kg,,,https://driveimg1.intermarche.com/pt/Content/images/boitmal/produit/zoom/7F2116263816AF75A6AD47598CE14D0D.jpg,,,,,,,,2025-02-12T23:59:59.999999999Z,PROSPECTUS,9,1
11463,5601018001642,250.0,Gresso,"Manteiga com sal, embalagem de 250g",,1.98,7.92,0,kg,€/Kg,,,https://driveimg1.intermarche.com/pt/Content/images/boitmal/produit/zoom/3A5F1036925C0C6B8D6C067104A96CDE.jpg,https://driveimg1.intermarche.com/pt/Content/images/boitmal/produit/zoom/7AC5179CFF33BEA38B382077FB05A477.jpg,,,,,,,2025-02-12T23:59:59.999999999Z,PROSPECTUS,9,1
11505,5601050033793,620.0,Danone,"Iogurte activia líquido kiwi, embalagem de 4 x 155g",,1.99,3.21,0,kg,€/Kg,,,https://driveimg1.intermarche.com/pt/Content/images/boitmal/produit/zoom/14FD12E9F72A1B2587D9D8BF93B11B3E.jpg,,,,,,,,2025-02-12T23:59:59.999999999Z,PROSPECTUS,9,1
11687,5601244202158,400.0,Terra Nostra,"Queijo fatias redução de gordura, embalagem de 400g",,4.19,10.48,0,kg,€/Kg,,,https://driveimg1.intermarche.com/pt/Content/images/boitmal/produit/zoom/1F91460A767DF4AF90E45E918A360294.jpg,,,,,,,,2025-02-12T23:59:59.999999999Z,PROSPECTUS,9,1
12230,7613034192264,250.0,Cerelac,Papa infantil para preparar com leite +6 meses,Embalagem de 250g,1.84,7.36,0,kg,€/Kg,,,https://driveimg1.intermarche.com/pt/Content/images/boitmal/produit/zoom/71A50A4D3564A93E8A6CF702B1916C84.jpg,,,,,,,,2025-02-12T23:59:59.999999999Z,PROSPECTUS,9,1
12884,2892009000000,200.0,Fruta,Limão,1 un = 200 gr (aprox.),0.26,1.29,0,,€/Kg,,,https://driveimg1.intermarche.com/pt/Content/images/boitmal/produit/zoom/5223F19D9F11D77A77B2577CB1D4D05C.jpg,,,,,,,,2025-02-12T23:59:59.999999999Z,PROSPECTUS,9,1
12943,2892087000000,1500.0,Fruta,Mamão,"1 un = 1,5 kg (aprox.)",5.84,3.89,0,,€/Kg,,,https://driveimg1.intermarche.com/pt/Content/images/boitmal/produit/zoom/E92859558CF3617793775ADAD1A11B14.jpg,,,,,,,,2025-02-12T23:59:59.999999999Z,PROSPECTUS,9,1
1305,5601151862155,500.0,Compal,Polpa de tomate 500g,,1.24,2.48,0,kg,€/Kg,,,https://driveimg1.intermarche.com/pt/Content/images/boitmal/produit/zoom/D9FD9B4F4905971874C5E4127C57C62E.jpg,,,,,,,,2025-02-12T23:59:59.999999999Z,PROSPECTUS,9,1
13950,2891145000000,100.0,Porco,Salsicha Fresca,1 un = 100 gr (aprox.),0.5,4.99,0,,€/Kg,,,https://driveimg1.intermarche.com/pt/Content/images/boitmal/produit/zoom/2E1CED7EDF010F56C2BF0E6CDF74D52B.jpg,,,,,,,,2025-02-12T23:59:59.999999999Z,PROSPECTUS,9,1
14318,5050083172007,129.0,KelloggS,"Barra chocolate, 6x21.5g",,2.59,20.08,0,kg,€/Kg,,,https://driveimg1.intermarche.com/pt/Content/images/boitmal/produit/zoom/D0173DA2E8EA91BC92259F97FE04116F.jpg,,,,,,,,2025-02-12T23:59:59.999999999Z,PROSPECTUS,9,1
14698,7613034570512,90.0,Nestlé,"Fruta para bebé 4 frutas +4 meses, embalagem de 90g",,0.63,7.0,0,kg,€/Kg,,,https://driveimg1.intermarche.com/pt/Content/images/boitmal/produit/zoom/3717C2AF583A80AD83A765BB8032F767.jpg,,,,,,,,2025-02-12T23:59:59.999999999Z,PROSPECTUS,9,1
14871,2696213000000,,Padaria,Empada de Frango 60 g,,0.79,0.79,0,,€/Unidade,,,https://driveimg1.intermarche.com/pt/Content/images/boitmal/produit/zoom/14D285C21A5EEE9AD8DE7ACAE760BE51.jpg,,,,,,,,2025-02-12T23:59:59.999999999Z,PROSPECTUS,9,1
